Reference,Value,Footprint,Populate,Review status,Datasheet
J1,Existing panel USB-C,,Candidate,Harness pin order proposed; verify actual sample,
F1,Fuse: rating TBD,,Candidate,"Select time/current curve, voltage drop and footprint",
U2,AP2112K-3.3 candidate,Package_TO_SOT_SMD:SOT-23-5,Candidate,Thermal and transient review required,https://www.diodes.com/datasheet/download/AP2112.pdf
C1,1uF,Capacitor_SMD:C_0805_2012Metric,Candidate,X7R; select voltage rating / DC-bias derating,
C2,1uF,Capacitor_SMD:C_0805_2012Metric,Candidate,X7R; select voltage rating / DC-bias derating,
C3,10uF,Capacitor_SMD:C_0805_2012Metric,Candidate,X7R; select voltage rating / DC-bias derating,
C4,100nF,Capacitor_SMD:C_0805_2012Metric,Candidate,X7R; select voltage rating / DC-bias derating,
U1,ESP32-C3-MINI-1 (4MB TBD),,Candidate,Exact ordering code and land pattern pending,https://documentation.espressif.com/esp32-c3-mini-1_datasheet_en.html
R1,10k,Resistor_SMD:R_0805_2012Metric,Candidate,Review,
R2,10k,Resistor_SMD:R_0805_2012Metric,Candidate,Review,
R3,10k,Resistor_SMD:R_0805_2012Metric,Candidate,Review,
C5,1uF,Capacitor_SMD:C_0805_2012Metric,Candidate,Review,
SW1,RESET,,Candidate,Momentary button footprint TBD,
SW2,BOOT,,Candidate,Momentary button footprint TBD,
J4,UART recovery,,Candidate,Optional programming/test header,
R4,22R candidate,Resistor_SMD:R_0805_2012Metric,Candidate,Review,
R5,22R candidate,Resistor_SMD:R_0805_2012Metric,Candidate,Review,
J2,WS2812B strip,,Candidate,Current-rated connector TBD; direct 3.3V data prototype baseline,
J3,INMP441 daughterboard,,Candidate,Proposed pin order; short harness; daughterboard pending,
ENC1,HW-040 breakout,,Candidate,"Front header: GND,+,SW,DT,CLK; onboard R2/R3 10k observed; R1/SW bias unverified; assembly mounting TBD",
TP1,GPIO1 reference,,Candidate,"GPIO1 reference feeds HW-040 +; firmware HIGH, 3.3V logic",
R6,10k OPTIONAL,Resistor_SMD:R_0805_2012Metric,DNP,DNP until encoder bias / GPIO2 strap verified,
R7,10k OPTIONAL,Resistor_SMD:R_0805_2012Metric,DNP,DNP until encoder bias / GPIO2 strap verified,
R8,10k OPTIONAL,Resistor_SMD:R_0805_2012Metric,DNP,DNP until encoder bias / GPIO2 strap verified,
